Name,BankVerificationNumber,Address,HomeTelephoneNumber,FirstCentralReferenceNo,customerid,AccountNo,TypeOfAccount,DateAccountOpened,OpeningBalanceAmt,CurrentBalanceAmt,CurrentBalanceDebitInd,AmountOverdue,InstalmentAmount,Currency,MonthsInArrears,AccountStatusCode,ClosedDate,loanclassification
CHUKWUDOLUE NNEKA ELIZABETH,,7TH AVENUE F1 CLOSE HOUSE 2,"=""08063412367""","=""8267078""","=""518212""","=""RCL518212""",Personal Overdraft,2025-06-17 00:00:00,66281.25,0.00,,0.00,71250.04,NGN,0,Open,,Performing
MOBOLAJI OLAMIDE OLASUNKANMI,"=""22433169743""",34 Owodunni St Ajeromi Ifelodun 101001 Lagos Nigeria,,"=""8377883""","=""38974392""","=""12626787""",Personal fixed term loan,2024-01-06 00:00:00,2500.00,0.00,,0.00,3075.00,NGN,0,Closed,2024-01-21 00:00:00,Performing
AWAZIE VICTOR CHINAGOROM,"=""22350961682""",NO 50 LUGBE ZONE 6 ABUJA Municipal Area Council FCT,"=""08038288219""","=""8418085""","=""12105603""","=""RCL12105603""",Personal Overdraft,2024-05-28 00:00:00,12500.00,3934.55,,,3934.55,NGN,96,Open,,Lost
NAFIU ABDULAZEEZ,,BOSSO NEW YORK AFTER AID PRAYER GROUND MINNA NIGER STATE C,"=""2348063416081""","=""8513162""","=""PF80586""","=""A18270""",Personal fixed term loan,2024-03-02 00:00:00,20000.00,10683.18,,10683.18,10156.30,NGN,881,Open,2024-04-01 00:00:00,Lost
Opeyemi Yakub,"=""22331980873""",BOSSO AREA MINNA,"=""08132012832""","=""8527534""","=""520034""","=""RCL520034""",Personal Overdraft,2024-09-14 00:00:00,300000.00,0.00,,0.00,0.00,NGN,0,Open,,Performing
ADOKWU HELEN,"=""22234144260""",NO 20 KOFORIDUA STREET WUSE ZONE 2 ABUJA,,"=""8387541""","=""45442950""","=""RCL45442950""",Personal Overdraft,2024-12-05 00:00:00,55000.00,39737.50,,,39737.50,NGN,0,Open,,Performing
ADESINA ADEKUNLE MICHEAL,"=""22177121340""",23 Cele busstop OshodiIsolo Lagos,,"=""8658286""","=""43251445""","=""14333774""",Personal fixed term loan,2024-07-10 00:00:00,10000.00,0.00,,0.00,13600.00,NGN,0,Closed,2024-08-09 00:00:00,Performing
ADESINA ADEKUNLE MICHEAL,"=""22177121340""",23 Cele busstop OshodiIsolo Lagos,,"=""8658286""","=""43251445""","=""14451805""",Personal fixed term loan,2024-07-24 00:00:00,17500.00,0.00,,0.00,23625.00,NGN,0,Closed,2024-08-23 00:00:00,Performing
ADEMOLA ESTHER OLUWAKEMI,"=""22476362415""",1 OJEOWODE STREET MONIYA IBADAN OYO Akinyele Oyo State,,"=""8721338""","=""10248841""","=""RCL10248841""",Personal Overdraft,2024-08-11 00:00:00,160000.00,0.00,,,0.00,NGN,0,Open,,Performing
OTUNLA OLUWAFEMIISAAC,"=""22157024913""",3 AKANNI CLOSE JOHNSON BSTP PEDROLAGOS Shomolu Lagos State,"=""08024467417""","=""8748019""","=""9556155""","=""RCL9556155""",Personal Overdraft,2024-11-29 00:00:00,300000.00,36490.71,,,36490.71,NGN,33,Open,,Sub standard
OBITORO MICHAEL OKWUKWE,"=""22198759760""",44 EZEDIKE RD AKOKWA,"=""08138644097""","=""8822549""","=""53608491""","=""RCL53608491""",Personal Overdraft,2025-02-25 00:00:00,75000.00,0.00,,,0.00,NGN,0,Open,,Performing
EGBELEKE SAID ADEWALE,"=""22470027275""",6 YAYA BALOGUN STREET IDIMU BUS STOP IDIMU,,"=""8499324""","=""36072532""","=""10864432""",Personal fixed term loan,2023-07-13 00:00:00,15000.00,0.00,,0.00,18225.00,NGN,0,Closed,2023-07-28 00:00:00,Performing
EGBELEKE SAID ADEWALE,"=""22470027275""",6 YAYA BALOGUN STREET IDIMU BUS STOP IDIMU,,"=""8499324""","=""36072532""","=""11679495""",Personal fixed term loan,2023-10-03 00:00:00,5000.00,0.00,,0.00,6700.00,NGN,0,Closed,2023-11-02 00:00:00,Performing
EGBELEKE SAID ADEWALE,"=""22470027275""",6 YAYA BALOGUN STREET IDIMU BUS STOP IDIMU,,"=""8499324""","=""36072532""","=""12066465""",Personal fixed term loan,2023-11-08 00:00:00,10000.00,0.00,,0.00,13400.00,NGN,0,Closed,2023-12-08 00:00:00,Performing
EGBELEKE SAID ADEWALE,"=""22470027275""",6 YAYA BALOGUN STREET IDIMU BUS STOP IDIMU,,"=""8499324""","=""36072532""","=""12497205""",Personal fixed term loan,2023-12-22 00:00:00,10000.00,0.00,,0.00,13400.00,NGN,0,Closed,2024-01-21 00:00:00,Performing
EGBELEKE SAID ADEWALE,"=""22470027275""",6 YAYA BALOGUN STREET IDIMU BUS STOP IDIMU,,"=""8499324""","=""36072532""","=""12790231""",Personal fixed term loan,2024-01-24 00:00:00,20000.00,0.00,,0.00,26800.00,NGN,0,Closed,2024-03-09 00:00:00,Performing
DOMOLE CHUKS,"=""22179185098""",15 chidinma lane marble hillasaba Delta State nigeria Oshi,"=""23408105777779""","=""8581097""","=""35833996""","=""RCL35833996""",Personal Overdraft,2025-02-21 00:00:00,25000.00,96507.62,,96507.62,31818.39,NGN,90,Open,,Lost
BUKAR DAHIRU,"=""22322586947""",G5 DANLADI ALI STREET HADEIJA ROAD KANO Gwale Kano State,,"=""8663874""","=""9986506""","=""RCL9986506""",Personal Overdraft,2025-01-20 00:00:00,312000.00,0.00,,,0.00,NGN,0,Open,,
NWANERI OSITA PAUL,,19 A IWEZUE LANE BB OWA,"=""08131042279""","=""8940098""","=""41752813""","=""RCL41752813""",Personal Overdraft,2024-08-10 00:00:00,300000.00,0.00,,,0.00,NGN,0,Open,,Performing
OMOWORE OLUWATOSIN ADEFUNKE,"=""22395742091""",NO 5 CAMPUS ROAD IFETEDO Ife South Osun State,"=""08100408851""","=""8720574""","=""5183002""","=""RCL5183002""",Personal Overdraft,2024-07-19 00:00:00,100000.00,211363.83,,,211363.83,NGN,122,Open,,Lost
OMISANDE RASAQ AKINSOLA,"=""22175143223""",1 ife lodun way oluwo nla basorun ibadan Ibadan SouthWest,,"=""9094914""","=""1994842""","=""RCL1994842""",Personal Overdraft,2024-10-13 00:00:00,50000.00,0.50,,,0.50,NGN,92,Open,,Lost
ABAH KATE ELLAMEYI,,14 15 Prince Alaba Oniru Road Victoria Island,"=""08039703340""","=""8933896""","=""11259121""","=""RCL11259121""",Personal Overdraft,2024-10-27 00:00:00,300000.00,0.00,,,0.00,NGN,0,Open,,Performing
Michael Oluwatosin,"=""22380346811""",independence road Lagos,"=""08135730678""","=""8387339""","=""8327075""","=""RCL8327075""",Personal Overdraft,2024-02-05 00:00:00,70932.09,46171.97,,0.00,63336.03,NGN,0,Open,,Open
Ojutalayo Fortune,"=""22271790110""",Nigeria,,"=""8484646""","=""693583""","=""RCL693583""",Personal Overdraft,2024-10-16 00:00:00,312000.00,0.00,,,0.00,NGN,0,Open,,Performing
ODOKWO HANNAH OKON,"=""22173433106""",47D SECRETARIAT ROAD,,"=""9167041""","=""36156896""","=""11783087""",Personal fixed term loan,2023-10-12 00:00:00,7500.00,0.00,,0.00,9375.00,NGN,0,Closed,2023-10-27 00:00:00,Performing
ALEXANDER AMAOWEI S,"=""22218778056""",ABADANI COMPOUND OKOLOBA TOWN KOLOKUMA BAYELSA,"=""07039333157""","=""9073686""","=""35557942""","=""RCL35557942""",Personal Overdraft,2024-09-15 00:00:00,280432.22,292872.86,,292872.86,289816.06,NGN,35,Open,,Sub standard
IBRAHIM INA SANDA,,NDA BARRACKS,"=""08103912707""","=""9248519""","=""39689916""","=""RCL39689916""",Personal Overdraft,2025-03-29 00:00:00,50000.00,36160.00,,,36160.00,NGN,0,Open,,Performing
Abiola Babatunde,"=""22213585060""",NO 1 DENTON STREET EBUTTE METTA LAGOS,"=""2347088807858""","=""8370890""","=""121437""","=""RCL121437""",Personal Overdraft,2025-01-18 00:00:00,10400.00,10504.00,,0.00,0.00,NGN,0,Open,,Performing
OBOLO FAITH BECKY,"=""22183115764""",5 ONDO AVENUE IJAPO ESTATE AKURE,,"=""9424157""","=""52336859""","=""RCL52336859""",Personal Overdraft,2025-02-06 00:00:00,30000.00,0.00,,,0.00,NGN,0,Open,,Performing
OLADIMEJI GBENGA EMMANUEL,"=""22178196729""",25 Akan Adeniran Road Off Olaniyi Road Abule Egba La,"=""07030665237""","=""9460351""","=""4432791""","=""RCL4432791""",Personal Overdraft,2024-11-02 00:00:00,300000.00,0.00,,0.00,243000.00,NGN,0,Open,,Performing
AMUDA JEREMIAH DAMILARE,"=""22464851330""",BOSSO MINNA NIGER STATE Lapai Niger State,"=""08166341914""","=""8520339""","=""8835771""","=""RCL8835771""",Personal Overdraft,2025-02-02 00:00:00,10000.00,37450.93,,,37450.93,NGN,90,Open,,
ONWUASOANYA WILLIAMS UGO,,ELEZIANYA STREET IKENEGBU,"=""08038430465""","=""9195455""","=""34887902""","=""RCL34887902""",,2025-03-04 00:00:00,500000.00,587060.70,,587060.70,475453.92,NGN,16,Open,,Watchlist
COSMAS VICTORIA SINMISOLA O,"=""22147773036""",ROAD 7 FLAT 3DIAMOND ESTATELAGOS,,"=""9470283""","=""43867474""","=""10545384""",Personal fixed term loan,2023-06-09 00:00:00,140000.00,0.00,,0.00,61180.00,NGN,0,Closed,2023-09-07 00:00:00,Performing
Kelechi Jonathan,"=""22146107955""",13 TEJUMOLA STR ALAFIA OFF ORILE IGANMU AjeromiIfelodun La,"=""23407031667825""","=""8471766""","=""3904113""","=""RCL3904113""",Personal Overdraft,2024-11-08 00:00:00,143215.82,184676.10,,,184676.10,NGN,96,Open,,Lost
OWOEYE SUNDAY LAWRENCE,"=""22236399091""",Ikorodu 104101 Ikorodu Nigeria,"=""2348060116162""","=""9477890""","=""844067""","=""RCL844067""",Personal Overdraft,2024-11-28 00:00:00,300000.00,0.00,,,0.00,NGN,0,Open,,Performing
OTITI FLORENCE,,OMUEKE PIPELINE IGWURUTA,"=""08032705549""","=""9529497""","=""42664753""","=""11553887""",Personal fixed term loan,2023-09-21 00:00:00,25000.00,0.00,,0.00,33500.00,NGN,0,Closed,2023-10-21 00:00:00,Performing
OTITI FLORENCE,,OMUEKE PIPELINE IGWURUTA,"=""08032705549""","=""9529497""","=""42664753""","=""11622341""",Personal fixed term loan,2023-09-28 00:00:00,25000.00,0.00,,0.00,33500.00,NGN,0,Closed,2023-10-28 00:00:00,Performing
OTITI FLORENCE,,OMUEKE PIPELINE IGWURUTA,"=""08032705549""","=""9529497""","=""42664753""","=""11872623""",Personal fixed term loan,2023-10-21 00:00:00,30000.00,0.00,,0.00,40200.00,NGN,0,Closed,2023-11-20 00:00:00,Performing
OTITI FLORENCE,,OMUEKE PIPELINE IGWURUTA,"=""08032705549""","=""9529497""","=""42664753""","=""12129055""",Personal fixed term loan,2023-11-15 00:00:00,35000.00,0.00,,0.00,46900.00,NGN,0,Closed,2023-12-15 00:00:00,Performing
OTITI FLORENCE,,OMUEKE PIPELINE IGWURUTA,"=""08032705549""","=""9529497""","=""42664753""","=""12628030""",Personal fixed term loan,2024-01-06 00:00:00,35000.00,0.00,,0.00,46900.00,NGN,0,Closed,2024-02-05 00:00:00,Performing
OTITI FLORENCE,,OMUEKE PIPELINE IGWURUTA,"=""08032705549""","=""9529497""","=""42664753""","=""13814515""",Personal fixed term loan,2024-05-13 00:00:00,40000.00,0.00,,0.00,52176.00,NGN,0,Closed,2024-06-12 00:00:00,Performing
OLADEJO TAIWO OLUWATIMILEYIN,"=""22441934571""",Nigeria,,"=""8528793""","=""43678455""","=""11318623""",Personal fixed term loan,2023-08-29 00:00:00,7500.00,0.00,,0.00,9225.00,NGN,0,Closed,2023-09-13 00:00:00,Performing
OYALADE BABTUNDE MONSURU,"=""22164279386""",PLOT 2 OLASUPO L OUT CHS OLOSAN ODO ONA ELEWE IB Oluyole O,"=""08023044844""","=""8611051""","=""8011133""","=""RCL8011133""",Personal Overdraft,2024-08-17 00:00:00,200000.00,0.00,,0.00,0.00,NGN,0,Open,,Performing
ADEKUNLE OLASANMI JOSEPH,,4 JUBRIL OLABISI IDIMU EJIGBO Alimosho Lagos State,,"=""9167649""","=""6413434""","=""RCL6413434""",Personal Overdraft,2025-02-12 00:00:00,15000.00,0.00,,,0.00,NGN,0,Open,,Performing
ADEBOSIN WALID GBADEBO,"=""22154360582""",3 olufabayide Street odogunynu Ikorodu,"=""08029402395""","=""8621543""","=""52713803""","=""RCL52713803""",Personal Overdraft,2025-05-06 00:00:00,240000.00,229760.40,,0.00,237626.00,NGN,0,Open,,Performing
OLUWAREMILEKUN OLOYEDE OLUWAKEMI,"=""22001082247""",PLOT 4ALPHA AND OMEGA STREETIBEREKOBADAGRY Badagry Lagos S,,"=""8603466""","=""6829554""","=""RCL6829554""",Personal Overdraft,2024-10-16 00:00:00,300000.00,444635.00,,,444635.00,NGN,91,Open,,Lost
AJADI OYENIYI GIDEON,"=""22502114685""",31 BALOGUN AJEIGBE STREET ISHEFUN SOKOTO EBA BUS STOP AYOB,,"=""8716278""","=""44075225""","=""10771624""",Personal fixed term loan,2023-07-03 00:00:00,5000.00,0.00,,0.00,6075.00,NGN,0,Closed,2023-07-18 00:00:00,Performing
AJADI OYENIYI GIDEON,"=""22502114685""",31 BALOGUN AJEIGBE STREET ISHEFUN SOKOTO EBA BUS STOP AYOB,,"=""8716278""","=""44075225""","=""10927035""",Personal fixed term loan,2023-07-20 00:00:00,20000.00,0.00,,0.00,26000.00,NGN,0,Closed,2023-08-19 00:00:00,Performing
AJADI OYENIYI GIDEON,"=""22502114685""",31 BALOGUN AJEIGBE STREET ISHEFUN SOKOTO EBA BUS STOP AYOB,,"=""8716278""","=""44075225""","=""11263931""",Personal fixed term loan,2023-08-23 00:00:00,15000.00,0.00,,0.00,19500.00,NGN,0,Closed,2023-09-22 00:00:00,Performing
AJADI OYENIYI GIDEON,"=""22502114685""",31 BALOGUN AJEIGBE STREET ISHEFUN SOKOTO EBA BUS STOP AYOB,,"=""8716278""","=""44075225""","=""11567770""",Personal fixed term loan,2023-09-22 00:00:00,25000.00,0.00,,0.00,33500.00,NGN,0,Closed,2023-10-22 00:00:00,Performing
AJADI OYENIYI GIDEON,"=""22502114685""",31 BALOGUN AJEIGBE STREET ISHEFUN SOKOTO EBA BUS STOP AYOB,,"=""8716278""","=""44075225""","=""11837203""",Personal fixed term loan,2023-10-17 00:00:00,30000.00,0.00,,0.00,40200.00,NGN,0,Closed,2023-11-16 00:00:00,Performing
AJADI OYENIYI GIDEON,"=""22502114685""",31 BALOGUN AJEIGBE STREET ISHEFUN SOKOTO EBA BUS STOP AYOB,,"=""8716278""","=""44075225""","=""12707989""",Personal fixed term loan,2024-01-15 00:00:00,25000.00,0.00,,0.00,33500.00,NGN,0,Closed,2024-02-14 00:00:00,Performing
Nurudeen Olusesi,"=""22286708957""",NO 2 LAWANSON STREET OKE OLA OLOSHUN ADO ODO OTA OGUN STAT,"=""07067515071""","=""8479454""","=""719620""","=""RCL719620""",Personal Overdraft,2025-01-16 00:00:00,10000.00,14393.95,,0.00,0.00,NGN,32,Open,,Sub standard
ALI VINCENT CHIDIEBERE,"=""22221351378""",1,"=""07034608243""","=""9284041""","=""43428467""","=""RCL43428467""",Personal Overdraft,2024-07-10 00:00:00,100000.00,25.66,,,25.66,NGN,61,Open,,Doubtful
Kayode Bosede Adesolasi,"=""22212897751""",NO 4 RD 15 ITALUROWO STREET ONDO,,"=""8590336""","=""41322184""","=""RCL41322184""",Personal Overdraft,2024-11-29 00:00:00,30000.00,0.00,,,0.00,NGN,0,Open,,Performing
EKPO NSIKAK,"=""22145415927""",Not Available,"=""08067909591""","=""8648099""","=""14321116""","=""RCL14321116""",Personal Overdraft,2024-09-12 00:00:00,300000.00,394703.38,,0.00,334494.28,NGN,92,Open,,Lost
BABASOLA OLUSEGUN PAUL,"=""22147327545""",3 SOLOMON OLTUYI STREET AYOBO,"=""2348064619909""","=""8261315""","=""1150012""","=""RCL1150012""",Personal Overdraft,2025-02-14 00:00:00,50000.00,0.00,,,0.00,NGN,0,Open,,Performing
JAMIU AKEEM OLAYINKA,"=""22459194875""",4 MOMODU STREET BADORE AJAH,,"=""9209815""","=""37114510""","=""14897290""",Personal fixed term loan,2024-09-11 00:00:00,5000.00,0.00,,0.00,6750.00,NGN,0,Closed,2024-10-11 00:00:00,Performing
JAMIU AKEEM OLAYINKA,"=""22459194875""",4 MOMODU STREET BADORE AJAH,,"=""9209815""","=""37114510""","=""14932551""",Personal fixed term loan,2024-09-15 00:00:00,10000.00,0.00,,0.00,13600.00,NGN,0,Closed,2024-10-15 00:00:00,Performing
ADEJUMO BUSAYO MARY,"=""22227335000""",2 ANIMASHAUN STREET ABULE OLONI ABK Abeokuta South Ogun St,,"=""9628881""","=""7740763""","=""RCL7740763""",Personal Overdraft,2024-05-10 00:00:00,120000.00,117699.93,,117699.93,102675.16,NGN,65,Open,,Doubtful
